run,model,seed,tick,n_modal_selects,n_couplings,n_collisions
L3 Model A model selection seed 11,A,11,0,17,7,10
L3 Model A model selection seed 11,A,11,1,19,7,12
L3 Model A model selection seed 11,A,11,2,21,10,11
L3 Model A model selection seed 11,A,11,3,24,11,13
L3 Model A model selection seed 11,A,11,4,30,10,20
L3 Model A model selection seed 11,A,11,5,30,7,23
L3 Model A model selection seed 11,A,11,6,38,12,26
L3 Model A model selection seed 11,A,11,7,26,7,19
L3 Model A model selection seed 11,A,11,8,19,9,10
L3 Model A model selection seed 11,A,11,9,10,5,5
L3 Model A model selection seed 11,A,11,10,5,3,2
L3 Model A model selection seed 11,A,11,11,1,1,0
L3 Model A model selection seed 11,A,11,12,0,0,0
L3 Model A model selection seed 11,A,11,13,0,0,0
L3 Model A model selection seed 11,A,11,14,0,0,0
L3 Model A model selection seed 11,A,11,15,0,0,0
L3 Model A model selection seed 11,A,11,16,0,0,0
L3 Model A model selection seed 11,A,11,17,0,0,0
L3 Model B model selection seed 11,B,11,0,17,6,11
L3 Model B model selection seed 11,B,11,1,21,6,15
L3 Model B model selection seed 11,B,11,2,23,9,14
L3 Model B model selection seed 11,B,11,3,28,9,19
L3 Model B model selection seed 11,B,11,4,35,10,25
L3 Model B model selection seed 11,B,11,5,35,5,30
L3 Model B model selection seed 11,B,11,6,45,8,37
L3 Model B model selection seed 11,B,11,7,37,5,32
L3 Model B model selection seed 11,B,11,8,32,6,26
L3 Model B model selection seed 11,B,11,9,26,7,19
L3 Model B model selection seed 11,B,11,10,19,8,11
L3 Model B model selection seed 11,B,11,11,11,5,6
L3 Model B model selection seed 11,B,11,12,6,4,2
L3 Model B model selection seed 11,B,11,13,2,1,1
L3 Model B model selection seed 11,B,11,14,1,1,0
L3 Model B model selection seed 11,B,11,15,0,0,0
L3 Model B model selection seed 11,B,11,16,0,0,0
L3 Model B model selection seed 11,B,11,17,0,0,0
L3 Model C model selection seed 11,C,11,0,17,7,10
L3 Model C model selection seed 11,C,11,1,20,7,13
L3 Model C model selection seed 11,C,11,2,20,8,12
L3 Model C model selection seed 11,C,11,3,24,12,12
L3 Model C model selection seed 11,C,11,4,31,10,21
L3 Model C model selection seed 11,C,11,5,31,10,21
L3 Model C model selection seed 11,C,11,6,36,12,24
L3 Model C model selection seed 11,C,11,7,24,8,16
L3 Model C model selection seed 11,C,11,8,16,4,12
L3 Model C model selection seed 11,C,11,9,12,6,6
L3 Model C model selection seed 11,C,11,10,6,3,3
L3 Model C model selection seed 11,C,11,11,3,1,2
L3 Model C model selection seed 11,C,11,12,2,2,0
L3 Model C model selection seed 11,C,11,13,0,0,0
L3 Model C model selection seed 11,C,11,14,0,0,0
L3 Model C model selection seed 11,C,11,15,0,0,0
L3 Model C model selection seed 11,C,11,16,0,0,0
L3 Model C model selection seed 11,C,11,17,0,0,0
L3 Model D model selection seed 11,D,11,0,17,8,9
L3 Model D model selection seed 11,D,11,1,19,10,9
L3 Model D model selection seed 11,D,11,2,17,10,7
L3 Model D model selection seed 11,D,11,3,18,9,9
L3 Model D model selection seed 11,D,11,4,26,14,12
L3 Model D model selection seed 11,D,11,5,24,9,15
L3 Model D model selection seed 11,D,11,6,30,13,17
L3 Model D model selection seed 11,D,11,7,17,10,7
L3 Model D model selection seed 11,D,11,8,7,2,5
L3 Model D model selection seed 11,D,11,9,5,3,2
L3 Model D model selection seed 11,D,11,10,1,1,0
L3 Model D model selection seed 11,D,11,11,1,1,0
L3 Model D model selection seed 11,D,11,12,0,0,0
L3 Model D model selection seed 11,D,11,13,0,0,0
L3 Model D model selection seed 11,D,11,14,0,0,0
L3 Model D model selection seed 11,D,11,15,0,0,0
L3 Model D model selection seed 11,D,11,16,0,0,0
L3 Model D model selection seed 11,D,11,17,0,0,0
L3 Model E model selection seed 11,E,11,0,17,4,13
L3 Model E model selection seed 11,E,11,1,23,12,11
L3 Model E model selection seed 11,E,11,2,19,9,10
L3 Model E model selection seed 11,E,11,3,24,8,16
L3 Model E model selection seed 11,E,11,4,32,12,20
L3 Model E model selection seed 11,E,11,5,30,5,25
L3 Model E model selection seed 11,E,11,6,40,17,23
L3 Model E model selection seed 11,E,11,7,23,9,14
L3 Model E model selection seed 11,E,11,8,14,4,10
L3 Model E model selection seed 11,E,11,9,10,3,7
L3 Model E model selection seed 11,E,11,10,7,2,5
L3 Model E model selection seed 11,E,11,11,4,2,2
L3 Model E model selection seed 11,E,11,12,3,1,2
L3 Model E model selection seed 11,E,11,13,2,1,1
L3 Model E model selection seed 11,E,11,14,0,0,0
L3 Model E model selection seed 11,E,11,15,0,0,0
L3 Model E model selection seed 11,E,11,16,0,0,0
L3 Model E model selection seed 11,E,11,17,0,0,0
L3 Model A model selection seed 22,A,22,0,11,5,6
L3 Model A model selection seed 22,A,22,1,17,10,7
L3 Model A model selection seed 22,A,22,2,24,11,13
L3 Model A model selection seed 22,A,22,3,23,10,13
L3 Model A model selection seed 22,A,22,4,32,9,23
L3 Model A model selection seed 22,A,22,5,38,11,27
L3 Model A model selection seed 22,A,22,6,34,15,19
L3 Model A model selection seed 22,A,22,7,18,8,10
L3 Model A model selection seed 22,A,22,8,11,3,8
L3 Model A model selection seed 22,A,22,9,7,2,5
L3 Model A model selection seed 22,A,22,10,6,2,4
L3 Model A model selection seed 22,A,22,11,4,2,2
L3 Model A model selection seed 22,A,22,12,1,1,0
L3 Model A model selection seed 22,A,22,13,0,0,0
L3 Model A model selection seed 22,A,22,14,0,0,0
L3 Model A model selection seed 22,A,22,15,0,0,0
L3 Model A model selection seed 22,A,22,16,0,0,0
L3 Model A model selection seed 22,A,22,17,0,0,0
L3 Model B model selection seed 22,B,22,0,11,7,4
L3 Model B model selection seed 22,B,22,1,15,6,9
L3 Model B model selection seed 22,B,22,2,26,7,19
L3 Model B model selection seed 22,B,22,3,29,9,20
L3 Model B model selection seed 22,B,22,4,41,8,33
L3 Model B model selection seed 22,B,22,5,46,11,35
L3 Model B model selection seed 22,B,22,6,42,6,36
L3 Model B model selection seed 22,B,22,7,36,6,30
L3 Model B model selection seed 22,B,22,8,30,7,23
L3 Model B model selection seed 22,B,22,9,23,9,14
L3 Model B model selection seed 22,B,22,10,14,2,12
L3 Model B model selection seed 22,B,22,11,12,4,8
L3 Model B model selection seed 22,B,22,12,8,3,5
L3 Model B model selection seed 22,B,22,13,5,4,1
L3 Model B model selection seed 22,B,22,14,1,1,0
L3 Model B model selection seed 22,B,22,15,0,0,0
L3 Model B model selection seed 22,B,22,16,0,0,0
L3 Model B model selection seed 22,B,22,17,0,0,0
L3 Model C model selection seed 22,C,22,0,11,5,6
L3 Model C model selection seed 22,C,22,1,17,6,11
L3 Model C model selection seed 22,C,22,2,28,11,17
L3 Model C model selection seed 22,C,22,3,27,8,19
L3 Model C model selection seed 22,C,22,4,40,10,30
L3 Model C model selection seed 22,C,22,5,42,15,27
L3 Model C model selection seed 22,C,22,6,35,12,23
L3 Model C model selection seed 22,C,22,7,23,7,16
L3 Model C model selection seed 22,C,22,8,16,8,8
L3 Model C model selection seed 22,C,22,9,8,4,4
L3 Model C model selection seed 22,C,22,10,4,3,1
L3 Model C model selection seed 22,C,22,11,1,1,0
L3 Model C model selection seed 22,C,22,12,0,0,0
L3 Model C model selection seed 22,C,22,13,0,0,0
L3 Model C model selection seed 22,C,22,14,0,0,0
L3 Model C model selection seed 22,C,22,15,0,0,0
L3 Model C model selection seed 22,C,22,16,0,0,0
L3 Model C model selection seed 22,C,22,17,0,0,0
L3 Model D model selection seed 22,D,22,0,11,7,4
L3 Model D model selection seed 22,D,22,1,12,7,5
L3 Model D model selection seed 22,D,22,2,20,12,8
L3 Model D model selection seed 22,D,22,3,22,9,13
L3 Model D model selection seed 22,D,22,4,17,10,7
L3 Model D model selection seed 22,D,22,5,37,13,24
L3 Model D model selection seed 22,D,22,6,32,13,19
L3 Model D model selection seed 22,D,22,7,19,9,10
L3 Model D model selection seed 22,D,22,8,10,4,6
L3 Model D model selection seed 22,D,22,9,6,3,3
L3 Model D model selection seed 22,D,22,10,3,1,2
L3 Model D model selection seed 22,D,22,11,0,0,0
L3 Model D model selection seed 22,D,22,12,0,0,0
L3 Model D model selection seed 22,D,22,13,0,0,0
L3 Model D model selection seed 22,D,22,14,0,0,0
L3 Model D model selection seed 22,D,22,15,0,0,0
L3 Model D model selection seed 22,D,22,16,0,0,0
L3 Model D model selection seed 22,D,22,17,0,0,0
L3 Model E model selection seed 22,E,22,0,11,5,6
L3 Model E model selection seed 22,E,22,1,17,10,7
L3 Model E model selection seed 22,E,22,2,24,14,10
L3 Model E model selection seed 22,E,22,3,20,10,10
L3 Model E model selection seed 22,E,22,4,31,14,17
L3 Model E model selection seed 22,E,22,5,30,13,17
L3 Model E model selection seed 22,E,22,6,24,7,17
L3 Model E model selection seed 22,E,22,7,17,6,11
L3 Model E model selection seed 22,E,22,8,11,5,6
L3 Model E model selection seed 22,E,22,9,6,1,5
L3 Model E model selection seed 22,E,22,10,5,2,3
L3 Model E model selection seed 22,E,22,11,3,2,1
L3 Model E model selection seed 22,E,22,12,0,0,0
L3 Model E model selection seed 22,E,22,13,0,0,0
L3 Model E model selection seed 22,E,22,14,0,0,0
L3 Model E model selection seed 22,E,22,15,0,0,0
L3 Model E model selection seed 22,E,22,16,0,0,0
L3 Model E model selection seed 22,E,22,17,0,0,0
L3 Model A model selection seed 33,A,33,0,15,6,9
L3 Model A model selection seed 33,A,33,1,17,7,10
L3 Model A model selection seed 33,A,33,2,27,9,18
L3 Model A model selection seed 33,A,33,3,26,13,13
L3 Model A model selection seed 33,A,33,4,27,10,17
L3 Model A model selection seed 33,A,33,5,34,10,24
L3 Model A model selection seed 33,A,33,6,33,14,19
L3 Model A model selection seed 33,A,33,7,20,6,14
L3 Model A model selection seed 33,A,33,8,15,7,8
L3 Model A model selection seed 33,A,33,9,8,4,4
L3 Model A model selection seed 33,A,33,10,4,3,1
L3 Model A model selection seed 33,A,33,11,0,0,0
L3 Model A model selection seed 33,A,33,12,0,0,0
L3 Model A model selection seed 33,A,33,13,0,0,0
L3 Model A model selection seed 33,A,33,14,0,0,0
L3 Model A model selection seed 33,A,33,15,0,0,0
L3 Model A model selection seed 33,A,33,16,0,0,0
L3 Model A model selection seed 33,A,33,17,0,0,0
L3 Model B model selection seed 33,B,33,0,15,5,10
L3 Model B model selection seed 33,B,33,1,18,7,11
L3 Model B model selection seed 33,B,33,2,28,8,20
L3 Model B model selection seed 33,B,33,3,29,7,22
L3 Model B model selection seed 33,B,33,4,35,14,21
L3 Model B model selection seed 33,B,33,5,38,6,32
L3 Model B model selection seed 33,B,33,6,43,11,32
L3 Model B model selection seed 33,B,33,7,32,12,20
L3 Model B model selection seed 33,B,33,8,20,9,11
L3 Model B model selection seed 33,B,33,9,11,6,5
L3 Model B model selection seed 33,B,33,10,5,2,3
L3 Model B model selection seed 33,B,33,11,3,1,2
L3 Model B model selection seed 33,B,33,12,2,1,1
L3 Model B model selection seed 33,B,33,13,1,1,0
L3 Model B model selection seed 33,B,33,14,0,0,0
L3 Model B model selection seed 33,B,33,15,0,0,0
L3 Model B model selection seed 33,B,33,16,0,0,0
L3 Model B model selection seed 33,B,33,17,0,0,0
L3 Model C model selection seed 33,C,33,0,15,6,9
L3 Model C model selection seed 33,C,33,1,16,6,10
L3 Model C model selection seed 33,C,33,2,28,10,18
L3 Model C model selection seed 33,C,33,3,27,11,16
L3 Model C model selection seed 33,C,33,4,29,7,22
L3 Model C model selection seed 33,C,33,5,39,10,29
L3 Model C model selection seed 33,C,33,6,40,12,28
L3 Model C model selection seed 33,C,33,7,27,10,17
L3 Model C model selection seed 33,C,33,8,17,6,11
L3 Model C model selection seed 33,C,33,9,12,5,7
L3 Model C model selection seed 33,C,33,10,7,4,3
L3 Model C model selection seed 33,C,33,11,3,1,2
L3 Model C model selection seed 33,C,33,12,2,1,1
L3 Model C model selection seed 33,C,33,13,1,1,0
L3 Model C model selection seed 33,C,33,14,0,0,0
L3 Model C model selection seed 33,C,33,15,0,0,0
L3 Model C model selection seed 33,C,33,16,0,0,0
L3 Model C model selection seed 33,C,33,17,0,0,0
L3 Model D model selection seed 33,D,33,0,15,6,9
L3 Model D model selection seed 33,D,33,1,17,6,11
L3 Model D model selection seed 33,D,33,2,27,9,18
L3 Model D model selection seed 33,D,33,3,26,12,14
L3 Model D model selection seed 33,D,33,4,26,10,16
L3 Model D model selection seed 33,D,33,5,34,12,22
L3 Model D model selection seed 33,D,33,6,32,16,16
L3 Model D model selection seed 33,D,33,7,18,9,9
L3 Model D model selection seed 33,D,33,8,10,4,6
L3 Model D model selection seed 33,D,33,9,6,2,4
L3 Model D model selection seed 33,D,33,10,3,2,1
L3 Model D model selection seed 33,D,33,11,0,0,0
L3 Model D model selection seed 33,D,33,12,0,0,0
L3 Model D model selection seed 33,D,33,13,0,0,0
L3 Model D model selection seed 33,D,33,14,0,0,0
L3 Model D model selection seed 33,D,33,15,0,0,0
L3 Model D model selection seed 33,D,33,16,0,0,0
L3 Model D model selection seed 33,D,33,17,0,0,0
L3 Model E model selection seed 33,E,33,0,15,6,9
L3 Model E model selection seed 33,E,33,1,17,5,12
L3 Model E model selection seed 33,E,33,2,29,10,19
L3 Model E model selection seed 33,E,33,3,28,13,15
L3 Model E model selection seed 33,E,33,4,28,13,15
L3 Model E model selection seed 33,E,33,5,32,7,25
L3 Model E model selection seed 33,E,33,6,36,10,26
L3 Model E model selection seed 33,E,33,7,26,11,15
L3 Model E model selection seed 33,E,33,8,15,5,10
L3 Model E model selection seed 33,E,33,9,10,5,5
L3 Model E model selection seed 33,E,33,10,5,3,2
L3 Model E model selection seed 33,E,33,11,2,1,1
L3 Model E model selection seed 33,E,33,12,0,0,0
L3 Model E model selection seed 33,E,33,13,0,0,0
L3 Model E model selection seed 33,E,33,14,0,0,0
L3 Model E model selection seed 33,E,33,15,0,0,0
L3 Model E model selection seed 33,E,33,16,0,0,0
L3 Model E model selection seed 33,E,33,17,0,0,0
