run,model,seed,rank,solution_id,frequency,support
L3 Model A model selection seed 11,A,11,1,S033,14,modal_SELECT_incl_collisions
L3 Model A model selection seed 11,A,11,2,S059,13,modal_SELECT_incl_collisions
L3 Model A model selection seed 11,A,11,3,S055,13,modal_SELECT_incl_collisions
L3 Model A model selection seed 11,A,11,4,S027,9,modal_SELECT_incl_collisions
L3 Model A model selection seed 11,A,11,5,S028,8,modal_SELECT_incl_collisions
L3 Model A model selection seed 11,A,11,6,S010,7,modal_SELECT_incl_collisions
L3 Model A model selection seed 11,A,11,7,S046,7,modal_SELECT_incl_collisions
L3 Model A model selection seed 11,A,11,8,S022,6,modal_SELECT_incl_collisions
L3 Model A model selection seed 11,A,11,9,S012,6,modal_SELECT_incl_collisions
L3 Model A model selection seed 11,A,11,10,S043,6,modal_SELECT_incl_collisions
L3 Model B model selection seed 11,B,11,1,S043,28,modal_SELECT_incl_collisions
L3 Model B model selection seed 11,B,11,2,S001,20,modal_SELECT_incl_collisions
L3 Model B model selection seed 11,B,11,3,S028,16,modal_SELECT_incl_collisions
L3 Model B model selection seed 11,B,11,4,S049,14,modal_SELECT_incl_collisions
L3 Model B model selection seed 11,B,11,5,S037,11,modal_SELECT_incl_collisions
L3 Model B model selection seed 11,B,11,6,S003,10,modal_SELECT_incl_collisions
L3 Model B model selection seed 11,B,11,7,S007,9,modal_SELECT_incl_collisions
L3 Model B model selection seed 11,B,11,8,S024,8,modal_SELECT_incl_collisions
L3 Model B model selection seed 11,B,11,9,S033,8,modal_SELECT_incl_collisions
L3 Model B model selection seed 11,B,11,10,S055,7,modal_SELECT_incl_collisions
L3 Model C model selection seed 11,C,11,1,S034,13,modal_SELECT_incl_collisions
L3 Model C model selection seed 11,C,11,2,S014,11,modal_SELECT_incl_collisions
L3 Model C model selection seed 11,C,11,3,S043,11,modal_SELECT_incl_collisions
L3 Model C model selection seed 11,C,11,4,S064,11,modal_SELECT_incl_collisions
L3 Model C model selection seed 11,C,11,5,S024,8,modal_SELECT_incl_collisions
L3 Model C model selection seed 11,C,11,6,S003,7,modal_SELECT_incl_collisions
L3 Model C model selection seed 11,C,11,7,S036,7,modal_SELECT_incl_collisions
L3 Model C model selection seed 11,C,11,8,S011,6,modal_SELECT_incl_collisions
L3 Model C model selection seed 11,C,11,9,S072,6,modal_SELECT_incl_collisions
L3 Model C model selection seed 11,C,11,10,S001,6,modal_SELECT_incl_collisions
L3 Model D model selection seed 11,D,11,1,S016,7,modal_SELECT_incl_collisions
L3 Model D model selection seed 11,D,11,2,S024,7,modal_SELECT_incl_collisions
L3 Model D model selection seed 11,D,11,3,S038,6,modal_SELECT_incl_collisions
L3 Model D model selection seed 11,D,11,4,S058,5,modal_SELECT_incl_collisions
L3 Model D model selection seed 11,D,11,5,S027,5,modal_SELECT_incl_collisions
L3 Model D model selection seed 11,D,11,6,S056,5,modal_SELECT_incl_collisions
L3 Model D model selection seed 11,D,11,7,S049,5,modal_SELECT_incl_collisions
L3 Model D model selection seed 11,D,11,8,S012,5,modal_SELECT_incl_collisions
L3 Model D model selection seed 11,D,11,9,S026,4,modal_SELECT_incl_collisions
L3 Model D model selection seed 11,D,11,10,S004,4,modal_SELECT_incl_collisions
L3 Model E model selection seed 11,E,11,1,S036,25,modal_SELECT_incl_collisions
L3 Model E model selection seed 11,E,11,2,S029,13,modal_SELECT_incl_collisions
L3 Model E model selection seed 11,E,11,3,S034,10,modal_SELECT_incl_collisions
L3 Model E model selection seed 11,E,11,4,S072,10,modal_SELECT_incl_collisions
L3 Model E model selection seed 11,E,11,5,S074,9,modal_SELECT_incl_collisions
L3 Model E model selection seed 11,E,11,6,S035,8,modal_SELECT_incl_collisions
L3 Model E model selection seed 11,E,11,7,S043,8,modal_SELECT_incl_collisions
L3 Model E model selection seed 11,E,11,8,S083,8,modal_SELECT_incl_collisions
L3 Model E model selection seed 11,E,11,9,S037,7,modal_SELECT_incl_collisions
L3 Model E model selection seed 11,E,11,10,S033,7,modal_SELECT_incl_collisions
L3 Model A model selection seed 22,A,22,1,S046,13,modal_SELECT_incl_collisions
L3 Model A model selection seed 22,A,22,2,S049,13,modal_SELECT_incl_collisions
L3 Model A model selection seed 22,A,22,3,S033,12,modal_SELECT_incl_collisions
L3 Model A model selection seed 22,A,22,4,S013,11,modal_SELECT_incl_collisions
L3 Model A model selection seed 22,A,22,5,S011,8,modal_SELECT_incl_collisions
L3 Model A model selection seed 22,A,22,6,S081,8,modal_SELECT_incl_collisions
L3 Model A model selection seed 22,A,22,7,S051,6,modal_SELECT_incl_collisions
L3 Model A model selection seed 22,A,22,8,S066,6,modal_SELECT_incl_collisions
L3 Model A model selection seed 22,A,22,9,S006,6,modal_SELECT_incl_collisions
L3 Model A model selection seed 22,A,22,10,S085,6,modal_SELECT_incl_collisions
L3 Model B model selection seed 22,B,22,1,S011,32,modal_SELECT_incl_collisions
L3 Model B model selection seed 22,B,22,2,S040,19,modal_SELECT_incl_collisions
L3 Model B model selection seed 22,B,22,3,S063,18,modal_SELECT_incl_collisions
L3 Model B model selection seed 22,B,22,4,S027,14,modal_SELECT_incl_collisions
L3 Model B model selection seed 22,B,22,5,S004,12,modal_SELECT_incl_collisions
L3 Model B model selection seed 22,B,22,6,S013,12,modal_SELECT_incl_collisions
L3 Model B model selection seed 22,B,22,7,S022,11,modal_SELECT_incl_collisions
L3 Model B model selection seed 22,B,22,8,S045,11,modal_SELECT_incl_collisions
L3 Model B model selection seed 22,B,22,9,S075,11,modal_SELECT_incl_collisions
L3 Model B model selection seed 22,B,22,10,S037,9,modal_SELECT_incl_collisions
L3 Model C model selection seed 22,C,22,1,S035,17,modal_SELECT_incl_collisions
L3 Model C model selection seed 22,C,22,2,S006,12,modal_SELECT_incl_collisions
L3 Model C model selection seed 22,C,22,3,S029,10,modal_SELECT_incl_collisions
L3 Model C model selection seed 22,C,22,4,S015,9,modal_SELECT_incl_collisions
L3 Model C model selection seed 22,C,22,5,S037,9,modal_SELECT_incl_collisions
L3 Model C model selection seed 22,C,22,6,S033,8,modal_SELECT_incl_collisions
L3 Model C model selection seed 22,C,22,7,S011,7,modal_SELECT_incl_collisions
L3 Model C model selection seed 22,C,22,8,S072,7,modal_SELECT_incl_collisions
L3 Model C model selection seed 22,C,22,9,S043,6,modal_SELECT_incl_collisions
L3 Model C model selection seed 22,C,22,10,S023,6,modal_SELECT_incl_collisions
L3 Model D model selection seed 22,D,22,1,S018,10,modal_SELECT_incl_collisions
L3 Model D model selection seed 22,D,22,2,S037,10,modal_SELECT_incl_collisions
L3 Model D model selection seed 22,D,22,3,S028,7,modal_SELECT_incl_collisions
L3 Model D model selection seed 22,D,22,4,S011,7,modal_SELECT_incl_collisions
L3 Model D model selection seed 22,D,22,5,S073,7,modal_SELECT_incl_collisions
L3 Model D model selection seed 22,D,22,6,S020,5,modal_SELECT_incl_collisions
L3 Model D model selection seed 22,D,22,7,S077,5,modal_SELECT_incl_collisions
L3 Model D model selection seed 22,D,22,8,S025,4,modal_SELECT_incl_collisions
L3 Model D model selection seed 22,D,22,9,S081,4,modal_SELECT_incl_collisions
L3 Model D model selection seed 22,D,22,10,S062,4,modal_SELECT_incl_collisions
L3 Model E model selection seed 22,E,22,1,S052,16,modal_SELECT_incl_collisions
L3 Model E model selection seed 22,E,22,2,S040,7,modal_SELECT_incl_collisions
L3 Model E model selection seed 22,E,22,3,S088,6,modal_SELECT_incl_collisions
L3 Model E model selection seed 22,E,22,4,S062,6,modal_SELECT_incl_collisions
L3 Model E model selection seed 22,E,22,5,S090,6,modal_SELECT_incl_collisions
L3 Model E model selection seed 22,E,22,6,S061,5,modal_SELECT_incl_collisions
L3 Model E model selection seed 22,E,22,7,S042,4,modal_SELECT_incl_collisions
L3 Model E model selection seed 22,E,22,8,S046,4,modal_SELECT_incl_collisions
L3 Model E model selection seed 22,E,22,9,S022,4,modal_SELECT_incl_collisions
L3 Model E model selection seed 22,E,22,10,S049,4,modal_SELECT_incl_collisions
L3 Model A model selection seed 33,A,33,1,S030,12,modal_SELECT_incl_collisions
L3 Model A model selection seed 33,A,33,2,S025,10,modal_SELECT_incl_collisions
L3 Model A model selection seed 33,A,33,3,S041,10,modal_SELECT_incl_collisions
L3 Model A model selection seed 33,A,33,4,S071,8,modal_SELECT_incl_collisions
L3 Model A model selection seed 33,A,33,5,S028,8,modal_SELECT_incl_collisions
L3 Model A model selection seed 33,A,33,6,S072,7,modal_SELECT_incl_collisions
L3 Model A model selection seed 33,A,33,7,S017,7,modal_SELECT_incl_collisions
L3 Model A model selection seed 33,A,33,8,S013,6,modal_SELECT_incl_collisions
L3 Model A model selection seed 33,A,33,9,S082,5,modal_SELECT_incl_collisions
L3 Model A model selection seed 33,A,33,10,S074,5,modal_SELECT_incl_collisions
L3 Model B model selection seed 33,B,33,1,S030,29,modal_SELECT_incl_collisions
L3 Model B model selection seed 33,B,33,2,S012,17,modal_SELECT_incl_collisions
L3 Model B model selection seed 33,B,33,3,S014,11,modal_SELECT_incl_collisions
L3 Model B model selection seed 33,B,33,4,S017,11,modal_SELECT_incl_collisions
L3 Model B model selection seed 33,B,33,5,S023,9,modal_SELECT_incl_collisions
L3 Model B model selection seed 33,B,33,6,S008,9,modal_SELECT_incl_collisions
L3 Model B model selection seed 33,B,33,7,S018,9,modal_SELECT_incl_collisions
L3 Model B model selection seed 33,B,33,8,S058,9,modal_SELECT_incl_collisions
L3 Model B model selection seed 33,B,33,9,S013,8,modal_SELECT_incl_collisions
L3 Model B model selection seed 33,B,33,10,S039,8,modal_SELECT_incl_collisions
L3 Model C model selection seed 33,C,33,1,S030,13,modal_SELECT_incl_collisions
L3 Model C model selection seed 33,C,33,2,S034,12,modal_SELECT_incl_collisions
L3 Model C model selection seed 33,C,33,3,S012,11,modal_SELECT_incl_collisions
L3 Model C model selection seed 33,C,33,4,S035,10,modal_SELECT_incl_collisions
L3 Model C model selection seed 33,C,33,5,S021,9,modal_SELECT_incl_collisions
L3 Model C model selection seed 33,C,33,6,S051,9,modal_SELECT_incl_collisions
L3 Model C model selection seed 33,C,33,7,S043,8,modal_SELECT_incl_collisions
L3 Model C model selection seed 33,C,33,8,S017,8,modal_SELECT_incl_collisions
L3 Model C model selection seed 33,C,33,9,S013,7,modal_SELECT_incl_collisions
L3 Model C model selection seed 33,C,33,10,S014,7,modal_SELECT_incl_collisions
L3 Model D model selection seed 33,D,33,1,S035,15,modal_SELECT_incl_collisions
L3 Model D model selection seed 33,D,33,2,S023,11,modal_SELECT_incl_collisions
L3 Model D model selection seed 33,D,33,3,S024,8,modal_SELECT_incl_collisions
L3 Model D model selection seed 33,D,33,4,S017,8,modal_SELECT_incl_collisions
L3 Model D model selection seed 33,D,33,5,S087,7,modal_SELECT_incl_collisions
L3 Model D model selection seed 33,D,33,6,S079,6,modal_SELECT_incl_collisions
L3 Model D model selection seed 33,D,33,7,S067,6,modal_SELECT_incl_collisions
L3 Model D model selection seed 33,D,33,8,S068,5,modal_SELECT_incl_collisions
L3 Model D model selection seed 33,D,33,9,S026,5,modal_SELECT_incl_collisions
L3 Model D model selection seed 33,D,33,10,S054,5,modal_SELECT_incl_collisions
L3 Model E model selection seed 33,E,33,1,S030,16,modal_SELECT_incl_collisions
L3 Model E model selection seed 33,E,33,2,S019,9,modal_SELECT_incl_collisions
L3 Model E model selection seed 33,E,33,3,S017,9,modal_SELECT_incl_collisions
L3 Model E model selection seed 33,E,33,4,S008,8,modal_SELECT_incl_collisions
L3 Model E model selection seed 33,E,33,5,S027,8,modal_SELECT_incl_collisions
L3 Model E model selection seed 33,E,33,6,S079,7,modal_SELECT_incl_collisions
L3 Model E model selection seed 33,E,33,7,S014,7,modal_SELECT_incl_collisions
L3 Model E model selection seed 33,E,33,8,S035,7,modal_SELECT_incl_collisions
L3 Model E model selection seed 33,E,33,9,S013,6,modal_SELECT_incl_collisions
L3 Model E model selection seed 33,E,33,10,S012,6,modal_SELECT_incl_collisions
