run,model,seed,metric_support,hhi,entropy,gini,neff,collisions,n_events
L3 Model A model selection seed 11,A,11,modal_SELECT,0.02239583,5.959394,0.443446,44.651163,151,240
L3 Model A model selection seed 11,A,11,accepted_matching,0.01123596,6.475733,0.0,89.0,,89
L3 Model B model selection seed 11,B,11,modal_SELECT,0.02515668,5.89446,0.474293,39.75087,248,338
L3 Model B model selection seed 11,B,11,accepted_matching,0.01111111,6.491853,0.0,90.0,,90
L3 Model C model selection seed 11,C,11,modal_SELECT,0.02096851,6.012265,0.431313,47.690554,152,242
L3 Model C model selection seed 11,C,11,accepted_matching,0.01111111,6.491853,0.0,90.0,,90
L3 Model D model selection seed 11,D,11,modal_SELECT,0.01714769,6.164884,0.356044,58.316901,92,182
L3 Model D model selection seed 11,D,11,accepted_matching,0.01111111,6.491853,0.0,90.0,,90
L3 Model E model selection seed 11,E,11,modal_SELECT,0.02848595,5.801389,0.487314,35.105023,159,248
L3 Model E model selection seed 11,E,11,accepted_matching,0.01123596,6.475733,0.0,89.0,,89
L3 Model A model selection seed 22,A,22,modal_SELECT,0.02361187,5.922185,0.450532,42.351575,137,226
L3 Model A model selection seed 22,A,22,accepted_matching,0.01123596,6.475733,0.0,89.0,,89
L3 Model B model selection seed 22,B,22,modal_SELECT,0.02891552,5.754845,0.52373,34.583509,249,339
L3 Model B model selection seed 22,B,22,accepted_matching,0.01111111,6.491853,0.0,90.0,,90
L3 Model C model selection seed 22,C,22,modal_SELECT,0.02191988,5.978377,0.445855,45.62069,162,252
L3 Model C model selection seed 22,C,22,accepted_matching,0.01111111,6.491853,0.0,90.0,,90
L3 Model D model selection seed 22,D,22,modal_SELECT,0.01945634,6.086496,0.369589,51.397122,101,189
L3 Model D model selection seed 22,D,22,accepted_matching,0.01136364,6.459432,0.0,88.0,,88
L3 Model E model selection seed 22,E,22,modal_SELECT,0.02022676,6.098463,0.366665,49.439451,110,199
L3 Model E model selection seed 22,E,22,accepted_matching,0.01123596,6.475733,0.0,89.0,,89
L3 Model A model selection seed 33,A,33,modal_SELECT,0.0200094,6.04567,0.409367,49.976517,137,226
L3 Model A model selection seed 33,A,33,accepted_matching,0.01123596,6.475733,0.0,89.0,,89
L3 Model B model selection seed 33,B,33,modal_SELECT,0.02885204,5.818084,0.487302,34.659593,190,280
L3 Model B model selection seed 33,B,33,accepted_matching,0.01111111,6.491853,0.0,90.0,,90
L3 Model C model selection seed 33,C,33,modal_SELECT,0.02086195,5.990301,0.448204,47.934165,173,263
L3 Model C model selection seed 33,C,33,accepted_matching,0.01111111,6.491853,0.0,90.0,,90
L3 Model D model selection seed 33,D,33,modal_SELECT,0.02157394,6.006814,0.410259,46.352227,126,214
L3 Model D model selection seed 33,D,33,accepted_matching,0.01136364,6.459432,0.0,88.0,,88
L3 Model E model selection seed 33,E,33,modal_SELECT,0.02067774,6.015184,0.426042,48.361179,154,243
L3 Model E model selection seed 33,E,33,accepted_matching,0.01123596,6.475733,0.0,89.0,,89
